card_id,trophy_bin,appearances,wins_with_card,total_battles_bin,usage_rate,win_rate,card_name
26000018,0-4999,32735,24662,47493,0.6892594698166046,0.7533832289598289,Mini P.E.K.K.A
28000000,0-4999,23478,14611,47493,0.4943465352788832,0.6223272851179827,Fireball
26000011,0-4999,23195,14546,47493,0.4883877624070916,0.627117913343393,Valkyrie
28000001,0-4999,22130,13010,47493,0.4659634051333881,0.587889742431089,Arrows
26000012,0-4999,21935,14708,47493,0.4618575369001748,0.670526555732847,Skeleton Army
26000007,0-4999,20364,13323,47493,0.4287789779546459,0.6542427813789039,Witch
26000017,0-4999,20022,12115,47493,0.42157791674562567,0.6050844071521326,Wizard
26000000,0-4999,19411,12193,47493,0.40871286294822395,0.6281489876873938,Knight
26000015,0-4999,18940,12263,47493,0.3987956119849241,0.6474656810982049,Baby Dragon
28000004,0-4999,18055,11271,47493,0.3801612869264944,0.6242592079756301,Goblin Barrel
26000021,0-4999,17295,10368,47493,0.36415892868422717,0.599479618386817,Hog Rider
26000008,0-4999,14727,8383,47493,0.31008780241298717,0.5692265906158755,Barbarians
26000014,0-4999,14591,8870,47493,0.3072242225170025,0.6079089849907477,Musketeer
26000016,0-4999,14200,8582,47493,0.2989914303160466,0.6043661971830986,Prince
26000003,0-4999,13653,8655,47493,0.28747394352852,0.6339266095363656,Giant
26000001,0-4999,12788,7886,47493,0.26926073316067634,0.6166718798873945,Archers
27000000,0-4999,12744,6796,47493,0.26833428084138716,0.5332705586942875,Cannon
26000005,0-4999,12188,7220,47493,0.2566272924430969,0.5923859533967837,Minions
26000019,0-4999,11440,5929,47493,0.24087760301518119,0.5182692307692308,Spear Goblins
26000010,0-4999,11147,5766,47493,0.23470827279809656,0.5172692204180497,Skeletons
26000036,0-4999,10786,5875,47493,0.22710715263301962,0.5446875579454848,Battle Ram
28000008,0-4999,10237,5281,47493,0.2155475543764344,0.5158737911497508,Zap
26000004,0-4999,9447,5533,47493,0.19891352409828816,0.5856885783846724,P.E.K.K.A
26000037,0-4999,8949,5597,47493,0.18842776830269725,0.6254330092747793,Inferno Dragon
26000013,0-4999,8936,4767,47493,0.18815404375381636,0.5334601611459265,Bomber
27000001,0-4999,8887,4749,47493,0.1871223127618807,0.5343760549116687,Goblin Hut
26000025,0-4999,8398,4506,47493,0.17682605857705347,0.5365563229340319,Guards
28000011,0-4999,7827,4834,47493,0.1648032341608237,0.6176057237766704,The Log
26000055,0-4999,7763,5214,47493,0.16345566715094856,0.671647558933402,Mega Knight
26000049,0-4999,7692,3853,47493,0.16196070999936832,0.500910036401456,Bats
27000012,0-4999,7634,3862,47493,0.160739477396669,0.5058946816871889,Goblin Cage
26000040,0-4999,7556,4273,47493,0.15909713010338367,0.5655108523028057,Dart Goblin
26000002,0-4999,6862,3494,47493,0.1444844503400501,0.5091809967939376,Goblins
27000003,0-4999,6360,3076,47493,0.13391447160634198,0.48364779874213837,Inferno Tower
26000006,0-4999,6332,3360,47493,0.13332491103952163,0.5306380290587492,Balloon
26000041,0-4999,6316,3478,47493,0.13298801928705284,0.5506649778340722,Goblin Gang
26000030,0-4999,6037,3084,47493,0.1271134693533784,0.5108497598144774,Ice Spirit
26000039,0-4999,6032,2874,47493,0.1270081906807319,0.47645888594164454,Mega Minion
27000009,0-4999,5918,2971,47493,0.1246078369443918,0.5020277120648868,Tombstone
26000084,0-4999,5823,2708,47493,0.1226075421641084,0.46505237849905545,Electro Spirit
28000026,0-4999,5726,3324,47493,0.12056513591476639,0.5805099545930842,Vines
27000006,0-4999,5660,3220,47493,0.11917545743583265,0.568904593639576,Tesla
26000027,0-4999,5636,3031,47493,0.11867011980712946,0.5377927608232789,Dark Prince
28000015,0-4999,5137,2689,47493,0.10816330827700925,0.5234572707806112,Barbarian Barrel
28000017,0-4999,5027,2379,47493,0.10584717747878634,0.4732444798090312,Giant Snowball
26000026,0-4999,4420,2600,47493,0.09306634661950182,0.5882352941176471,Princess
26000045,0-4999,4342,2556,47493,0.09142399932621649,0.5886688162137264,Executioner
26000059,0-4999,4016,1977,47493,0.08455982986966501,0.4922808764940239,Royal Hogs
26000042,0-4999,3867,2274,47493,0.08142252542479944,0.5880527540729248,Electro Wizard
26000080,0-4999,3752,1712,47493,0.07900111595393006,0.4562899786780384,Skeleton Dragons
26000064,0-4999,3731,2264,47493,0.07855894552881477,0.6068078263200214,Firecracker
26000031,0-4999,3529,1561,47493,0.07430568715389636,0.44233493907622556,Fire Spirit
28000003,0-4999,3461,1488,47493,0.07287389720590402,0.42993354521814503,Rocket
28000005,0-4999,3442,1543,47493,0.07247383824984735,0.4482858803021499,Freeze
26000032,0-4999,3354,1659,47493,0.07062093361126903,0.49463327370304117,Miner
26000058,0-4999,3182,1779,47493,0.06699934727222959,0.5590823381521056,Wall Breakers
26000063,0-4999,3135,1789,47493,0.06600972774935254,0.5706539074960127,Electro Dragon
27000004,0-4999,3111,1545,47493,0.06550439012064936,0.49662487945998074,Bomb Tower
26000056,0-4999,3034,1582,47493,0.06388309856189334,0.5214238628872775,Skeleton Barrel
27000010,0-4999,2808,1607,47493,0.059124502558271744,0.5722934472934473,Furnace
28000009,0-4999,2737,1216,47493,0.05762954540669151,0.4442820606503471,Poison
26000043,0-4999,2627,1609,47493,0.055313414608468614,0.6124857251617815,Elite Barbarians
26000047,0-4999,2590,1356,47493,0.05453435243088455,0.5235521235521235,Royal Recruits
26000033,0-4999,2539,1463,47493,0.053460509969890296,0.576211106734935,Sparky
26000009,0-4999,2531,1327,47493,0.05329206409365591,0.5242986961675227,Golem
26000038,0-4999,2530,1083,47493,0.053271008359126605,0.4280632411067194,Ice Golem
26000051,0-4999,2441,1407,47493,0.05139704798601899,0.5764031134780827,Ram Rider
26000024,0-4999,2334,1190,47493,0.04914408439138399,0.5098543273350471,Royal Giant
26000102,0-4999,2148,1118,47493,0.04522771776893437,0.5204841713221602,Berserker
26000023,0-4999,2015,1116,47493,0.042427305076537594,0.5538461538461539,Ice Wizard
26000020,0-4999,1975,1113,47493,0.04158507569536563,0.5635443037974683,Giant Skeleton
26000035,0-4999,1922,1108,47493,0.04046912176531278,0.5764828303850156,Lumberjack
26000060,0-4999,1870,927,47493,0.03937422356978923,0.49572192513368984,Goblin Giant
26000022,0-4999,1754,1015,47493,0.03693175836439054,0.5786773090079818,Minion Horde
28000007,0-4999,1745,733,47493,0.03674225675362685,0.42005730659025786,Lightning
26000044,0-4999,1721,881,47493,0.036236919124923675,0.5119116792562464,Hunter
26000046,0-4999,1699,946,47493,0.035773692965279096,0.5567981165391407,Bandit
26000057,0-4999,1598,658,47493,0.03364706377781989,0.4117647058823529,Flying Machine
26000062,0-4999,1453,836,47493,0.030593982271071525,0.5753613214039918,Magic Archer
26000050,0-4999,1405,766,47493,0.029583307013665173,0.5451957295373665,Royal Ghost
28000002,0-4999,1404,727,47493,0.029562251279135872,0.5178062678062678,Rage
27000008,0-4999,1325,559,47493,0.02789884825132125,0.4218867924528302,X-Bow
27000002,0-4999,1291,569,47493,0.02718295327732508,0.4407436096049574,Mortar
26000103,0-4999,1137,734,47493,0.023940370159813026,0.6455584872471416,Boss Bandit
26000034,0-4999,1114,648,47493,0.023456088265639146,0.5816876122082585,Bowler
28000010,0-4999,1111,458,47493,0.02339292106205125,0.41224122412241226,Graveyard
28000012,0-4999,1059,528,47493,0.022298022866527697,0.4985835694050991,Tornado
26000068,0-4999,1042,502,47493,0.021940075379529616,0.4817658349328215,Battle Healer
26000052,0-4999,1032,492,47493,0.021729518034236624,0.47674418604651164,Zappies
28000024,0-4999,989,507,47493,0.020824121449476766,0.512639029322548,Goblin Curse
26000028,0-4999,982,532,47493,0.020676731307771673,0.5417515274949084,Three Musketeers
26000074,0-4999,979,574,47493,0.020613564104183774,0.5863125638406538,Golden Knight
28000014,0-4999,955,446,47493,0.020108226475480596,0.46701570680628274,Earthquake
26000067,0-4999,877,385,47493,0.01846587918219527,0.43899657924743446,Elixir Golem
26000096,0-4999,877,540,47493,0.01846587918219527,0.6157354618015963,Goblin Machine
27000013,0-4999,862,433,47493,0.018150043164255784,0.5023201856148491,Goblin Drill
28000018,0-4999,861,478,47493,0.018128987429726486,0.5551684088269454,Royal Delivery
26000069,0-4999,831,458,47493,0.017497315393847513,0.5511432009626955,Skeleton King
26000085,0-4999,807,511,47493,0.01699197776514434,0.6332094175960347,Electro Giant
26000093,0-4999,743,397,47493,0.0156444107552692,0.5343203230148048,Little Prince
26000065,0-4999,736,416,47493,0.015497020613564104,0.5652173913043478,Mighty Miner
26000083,0-4999,705,374,47493,0.014844292843155834,0.5304964539007092,Mother Witch
26000053,0-4999,679,394,47493,0.014296843745394057,0.5802650957290133,Rascals
26000061,0-4999,670,326,47493,0.014107342134630366,0.48656716417910445,Fisherman
26000048,0-4999,662,336,47493,0.013938896258395974,0.5075528700906344,Night Witch
26000029,0-4999,605,276,47493,0.012738719390225929,0.456198347107438,Lava Hound
26000072,0-4999,593,348,47493,0.01248605057587434,0.5868465430016864,Archer Queen
26000097,0-4999,575,317,47493,0.012107047354346956,0.551304347826087,Suspicious Bush
26000077,0-4999,498,240,47493,0.01048575579559093,0.4819277108433735,Monk
26000099,0-4999,468,260,47493,0.009854083759711958,0.5555555555555556,Goblinstein
28000016,0-4999,467,241,47493,0.009833028025182659,0.5160599571734475,Heal Spirit
28000006,0-4999,458,301,47493,0.009643526414418967,0.6572052401746725,Mirror
26000087,0-4999,442,212,47493,0.009306634661950182,0.4796380090497738,Phoenix
27000005,0-4999,441,171,47493,0.009285578927420882,0.3877551020408163,Barbarian Hut
28000023,0-4999,414,171,47493,0.008717074095129809,0.41304347826086957,Void
26000101,0-4999,358,140,47493,0.007537952961489062,0.39106145251396646,Rune Giant
27000007,0-4999,358,159,47493,0.007537952961489062,0.4441340782122905,Elixir Collector
26000054,0-4999,354,203,47493,0.007453730023371866,0.5734463276836158,Cannon Cart
26000095,0-4999,243,111,47493,0.00511654349061967,0.4567901234567901,Goblin Demolisher
28000013,0-4999,230,133,47493,0.004842818941738783,0.5782608695652174,Clone
28000025,0-4999,124,76,47493,0.0026109110816330827,0.6129032258064516,Spirit Empress
28000011,5000-9999,45058,29407,79712,0.5652599357687675,0.6526476985219051,The Log
26000055,5000-9999,38705,23794,79712,0.48556051786431154,0.6147526159410929,Mega Knight
26000011,5000-9999,34090,20286,79712,0.4276645925331192,0.5950718685831622,Valkyrie
26000021,5000-9999,31579,18408,79712,0.3961636892814131,0.5829190284682859,Hog Rider
26000064,5000-9999,30904,18769,79712,0.3876957045363308,0.6073323841573907,Firecracker
28000004,5000-9999,29929,17556,79712,0.3754641710156564,0.5865882588793477,Goblin Barrel
26000007,5000-9999,29751,17206,79712,0.3732311320754717,0.5783335013949111,Witch
28000001,5000-9999,29349,16371,79712,0.36818797671617826,0.557804354492487,Arrows
26000018,5000-9999,29311,16772,79712,0.36771126053793657,0.5722083859301969,Mini P.E.K.K.A
26000012,5000-9999,28031,16281,79712,0.35165345242874346,0.5808212336341907,Skeleton Army
26000000,5000-9999,27770,15772,79712,0.3483791649939783,0.5679510262873605,Knight
28000000,5000-9999,26310,14805,79712,0.33006322761942997,0.5627137970353477,Fireball
27000006,5000-9999,25940,14520,79712,0.3254215174628663,0.5597532767925983,Tesla
26000017,5000-9999,25214,14175,79712,0.3163137294259334,0.562187673514714,Wizard
28000008,5000-9999,22993,12683,79712,0.28845092332396627,0.5516026616796417,Zap
26000040,5000-9999,22309,12648,79712,0.27987003211561623,0.5669460755748801,Dart Goblin
26000041,5000-9999,22304,12496,79712,0.2798073063026897,0.56025824964132,Goblin Gang
26000004,5000-9999,22229,11961,79712,0.2788664191087917,0.5380808853299743,P.E.K.K.A
26000042,5000-9999,20973,11764,79712,0.26310969490164593,0.5609116483097316,Electro Wizard
26000015,5000-9999,20796,11007,79712,0.26088920112404657,0.5292844777841893,Baby Dragon
26000030,5000-9999,20501,11323,79712,0.25718837816138096,0.5523145212428662,Ice Spirit
26000010,5000-9999,20282,11015,79712,0.2544409875551987,0.5430923971994872,Skeletons
26000049,5000-9999,17704,9417,79712,0.222099558410277,0.5319136918210574,Bats
26000026,5000-9999,17393,9443,79712,0.2181980128462465,0.5429195653423792,Princess
27000000,5000-9999,17164,9118,79712,0.21532517061421116,0.5312281519459333,Cannon
26000016,5000-9999,15971,8543,79712,0.20035879164993978,0.5349070189718865,Prince
26000006,5000-9999,15813,8184,79712,0.19837665596146126,0.5175488522102067,Balloon
26000001,5000-9999,14819,7822,79712,0.185906764351666,0.5278358863621027,Archers
26000037,5000-9999,14440,7362,79712,0.1811521477318346,0.5098337950138504,Inferno Dragon
26000035,5000-9999,14222,7296,79712,0.17841730228823766,0.5130080157502461,Lumberjack
26000043,5000-9999,13832,7361,79712,0.1735246888799679,0.5321717755928282,Elite Barbarians
28000002,5000-9999,12088,6015,79712,0.15164592533119228,0.49760092653871607,Rage
26000014,5000-9999,11920,6100,79712,0.1495383380168607,0.511744966442953,Musketeer
26000005,5000-9999,11724,6125,79712,0.1470794861501405,0.522432616854316,Minions
28000015,5000-9999,11206,4886,79712,0.14058109193095142,0.43601641977512046,Barbarian Barrel
26000025,5000-9999,11016,5505,79712,0.13819751103974307,0.4997276688453159,Guards
26000046,5000-9999,10485,5240,79712,0.131536029706945,0.49976156413924655,Bandit
26000045,5000-9999,10408,5480,79712,0.13057005218787635,0.5265180630284396,Executioner
27000003,5000-9999,9960,5242,79712,0.12494981934965878,0.5263052208835342,Inferno Tower
26000027,5000-9999,9922,5134,79712,0.1244731031714171,0.517436000806289,Dark Prince
26000023,5000-9999,9689,4593,79712,0.12155008028904055,0.4740427288677882,Ice Wizard
26000062,5000-9999,9467,4883,79712,0.11876505419510237,0.515791697475441,Magic Archer
26000013,5000-9999,9424,4598,79712,0.11822561220393417,0.4879032258064516,Bomber
26000074,5000-9999,9397,4746,79712,0.11788689281413087,0.5050548047249122,Golden Knight
26000058,5000-9999,9260,4504,79712,0.1161682055399438,0.48639308855291574,Wall Breakers
28000012,5000-9999,9088,3829,79712,0.11401043757527098,0.421324823943662,Tornado
26000051,5000-9999,8557,4239,79712,0.1073489562424729,0.4953838962253126,Ram Rider
26000033,5000-9999,8535,4405,79712,0.10707296266559614,0.5161101347393088,Sparky
26000103,5000-9999,8316,4204,79712,0.1043255720594139,0.5055315055315055,Boss Bandit
26000008,5000-9999,8253,4053,79712,0.10353522681653954,0.4910941475826972,Barbarians
28000026,5000-9999,8068,4222,79712,0.10121437173825773,0.5233019335647,Vines
28000017,5000-9999,8020,3764,79712,0.10061220393416298,0.4693266832917706,Giant Snowball
28000009,5000-9999,7677,3536,79712,0.09630921316740265,0.460596587208545,Poison
26000063,5000-9999,7660,3607,79712,0.09609594540345243,0.47088772845953003,Electro Dragon
26000032,5000-9999,7632,3586,79712,0.09574468085106383,0.4698637316561845,Miner
26000022,5000-9999,7627,3976,79712,0.0956819550381373,0.5213058869804641,Minion Horde
26000056,5000-9999,7486,3819,79712,0.09391308711360899,0.5101522842639594,Skeleton Barrel
28000005,5000-9999,7165,3320,79712,0.08988608992372542,0.4633635729239358,Freeze
26000036,5000-9999,7150,3448,79712,0.08969791248494581,0.4822377622377622,Battle Ram
26000020,5000-9999,7124,3752,79712,0.08937173825772782,0.5266704098820887,Giant Skeleton
27000010,5000-9999,7060,3644,79712,0.08856884785226816,0.5161473087818697,Furnace
26000024,5000-9999,7015,3541,79712,0.08800431553592934,0.5047754811119031,Royal Giant
26000009,5000-9999,7005,3364,79712,0.08787886391007628,0.4802284082798001,Golem
26000084,5000-9999,6918,3426,79712,0.08678743476515456,0.49522983521248914,Electro Spirit
26000069,5000-9999,6727,3310,79712,0.0843913087113609,0.4920469748773599,Skeleton King
26000019,5000-9999,6684,3098,79712,0.0838518667201927,0.4634949132256134,Spear Goblins
28000003,5000-9999,6646,3230,79712,0.08337515054195102,0.48600662052362326,Rocket
26000050,5000-9999,6040,2756,79712,0.07577278201525492,0.4562913907284768,Royal Ghost
26000067,5000-9999,5780,2808,79712,0.07251103974307507,0.48581314878892734,Elixir Golem
26000059,5000-9999,5773,2720,79712,0.07242322360497792,0.4711588428893123,Royal Hogs
27000009,5000-9999,5772,2645,79712,0.07241067844239261,0.45824670824670827,Tombstone
26000047,5000-9999,5527,2648,79712,0.06933711360899238,0.4791025872987154,Royal Recruits
28000007,5000-9999,5376,2224,79712,0.067442794058611,0.41369047619047616,Lightning
26000038,5000-9999,5332,2621,79712,0.06689080690485749,0.4915603900975244,Ice Golem
28000006,5000-9999,5185,2823,79712,0.06504666800481734,0.5444551591128255,Mirror
26000034,5000-9999,5019,2389,79712,0.06296417101565636,0.47599123331340903,Bowler
26000039,5000-9999,4997,2115,79712,0.06268817743877961,0.4232539523714229,Mega Minion
26000031,5000-9999,4817,2433,79712,0.06043004817342433,0.5050861532073905,Fire Spirit
26000085,5000-9999,4669,2221,79712,0.05857336411079887,0.47569072606553864,Electro Giant
27000012,5000-9999,4512,2051,79712,0.05660377358490566,0.4545656028368794,Goblin Cage
26000044,5000-9999,4293,2099,79712,0.0538563829787234,0.48893547635686,Hunter
28000014,5000-9999,4135,2168,79712,0.05187424729024488,0.524304715840387,Earthquake
26000093,5000-9999,4072,2186,79712,0.05108390204737053,0.5368369351669942,Little Prince
26000003,5000-9999,4056,1690,79712,0.05088317944600562,0.4166666666666667,Giant
28000018,5000-9999,4055,2099,79712,0.05087063428342031,0.517632552404439,Royal Delivery
28000013,5000-9999,4042,2063,79712,0.05070754716981132,0.5103908955962395,Clone
26000083,5000-9999,3979,1844,79712,0.04991720192693697,0.4634330233727067,Mother Witch
26000060,5000-9999,3977,1796,79712,0.04989211160176636,0.4515966809152628,Goblin Giant
26000065,5000-9999,3920,1986,79712,0.04917703733440385,0.5066326530612245,Mighty Miner
28000010,5000-9999,3878,1494,79712,0.048650140505820956,0.38525012893243943,Graveyard
26000002,5000-9999,3502,1749,79712,0.043933159373745485,0.49942889777270133,Goblins
27000008,5000-9999,3413,1561,79712,0.04281663990365315,0.45736888368004686,X-Bow
26000048,5000-9999,3277,1429,79712,0.041110497792051386,0.43606957583155326,Night Witch
28000024,5000-9999,3255,1431,79712,0.04083450421517463,0.4396313364055299,Goblin Curse
27000004,5000-9999,3245,1525,79712,0.04070905258932156,0.4699537750385208,Bomb Tower
26000072,5000-9999,3185,1522,79712,0.03995634283420313,0.47786499215070644,Archer Queen
26000102,5000-9999,3090,1539,79712,0.03876455238859896,0.4980582524271845,Berserker
27000001,5000-9999,3026,1323,79712,0.0379616619831393,0.43721083939193656,Goblin Hut
26000080,5000-9999,2684,1168,79712,0.033671216378964273,0.43517138599105815,Skeleton Dragons
26000057,5000-9999,2553,1136,79712,0.03202780008028904,0.44496670583627107,Flying Machine
27000002,5000-9999,2522,1236,79712,0.03163890004014452,0.49008723235527357,Mortar
26000096,5000-9999,2511,1109,79712,0.03150090325170614,0.44165671047391475,Goblin Machine
26000061,5000-9999,2419,1113,79712,0.03034674829385789,0.4601074824307565,Fisherman
26000052,5000-9999,2418,1056,79712,0.03033420313127258,0.43672456575682383,Zappies
26000068,5000-9999,2398,1060,79712,0.030083299879566438,0.44203502919099247,Battle Healer
26000029,5000-9999,2264,867,79712,0.028402248093135286,0.3829505300353357,Lava Hound
28000016,5000-9999,2201,991,79712,0.02761190285026094,0.4502498864152658,Heal Spirit
26000053,5000-9999,2124,1096,79712,0.026645925331192293,0.5160075329566854,Rascals
27000007,5000-9999,2091,1028,79712,0.026231934965877158,0.4916307986609278,Elixir Collector
26000099,5000-9999,2085,1082,79712,0.026156663990365314,0.5189448441247002,Goblinstein
27000013,5000-9999,2027,933,79712,0.025429044560417502,0.4602861371484953,Goblin Drill
26000028,5000-9999,1728,769,79712,0.021678040947410677,0.44502314814814814,Three Musketeers
26000054,5000-9999,1622,850,79712,0.020348253713368125,0.5240443896424167,Cannon Cart
26000097,5000-9999,1567,815,79712,0.019658269771176233,0.5201021059349075,Suspicious Bush
26000077,5000-9999,1310,643,79712,0.016434162986752307,0.4908396946564885,Monk
26000087,5000-9999,1282,534,79712,0.01608289843436371,0.4165366614664587,Phoenix
28000025,5000-9999,1002,435,79712,0.01257025291047772,0.4341317365269461,Spirit Empress
28000023,5000-9999,925,414,79712,0.011604275391409073,0.44756756756756755,Void
26000095,5000-9999,814,388,79712,0.010211762344439984,0.47665847665847666,Goblin Demolisher
27000005,5000-9999,520,217,79712,0.006523484544359695,0.4173076923076923,Barbarian Hut
26000101,5000-9999,475,197,79712,0.005958952228020875,0.4147368421052632,Rune Giant
26000055,10000-14999,5132,2828,10049,0.5106975818489402,0.5510522213561965,Mega Knight
28000011,10000-14999,5078,3146,10049,0.505323912827147,0.619535250098464,The Log
26000064,10000-14999,4907,2920,10049,0.4883072942581351,0.5950682698186265,Firecracker
26000011,10000-14999,4832,2724,10049,0.48084386506120014,0.5637417218543046,Valkyrie
28000001,10000-14999,4577,2734,10049,0.45546820579162106,0.5973344985798558,Arrows
26000021,10000-14999,4221,2408,10049,0.4200417952035028,0.5704809286898839,Hog Rider
28000008,10000-14999,3658,2119,10049,0.364016320031844,0.5792782941498087,Zap
26000000,10000-14999,3591,2016,10049,0.3573489899492487,0.5614035087719298,Knight
28000000,10000-14999,3567,1995,10049,0.3549606926062295,0.5592935239697224,Fireball
26000007,10000-14999,3373,1743,10049,0.3356552890834909,0.5167506670619626,Witch
26000041,10000-14999,3308,1850,10049,0.3291869837794805,0.5592503022974608,Goblin Gang
28000004,10000-14999,3197,1781,10049,0.3181411085680167,0.5570847669690334,Goblin Barrel
26000018,10000-14999,3083,1560,10049,0.3067966961886755,0.5060006487187804,Mini P.E.K.K.A
26000017,10000-14999,3073,1497,10049,0.30580157229575083,0.48714611129189717,Wizard
26000004,10000-14999,2962,1436,10049,0.294755697084287,0.48480756245779877,P.E.K.K.A
26000040,10000-14999,2909,1600,10049,0.28948154045178626,0.5500171880371262,Dart Goblin
26000030,10000-14999,2888,1605,10049,0.2873917802766444,0.5557479224376731,Ice Spirit
26000012,10000-14999,2884,1465,10049,0.2869937307194746,0.5079750346740638,Skeleton Army
27000006,10000-14999,2831,1526,10049,0.28171957408697385,0.5390321441186859,Tesla
26000010,10000-14999,2718,1533,10049,0.27047467409692505,0.5640176600441501,Skeletons
26000042,10000-14999,2610,1375,10049,0.25972733605333864,0.5268199233716475,Electro Wizard
26000049,10000-14999,2592,1445,10049,0.2579361130460742,0.5574845679012346,Bats
26000016,10000-14999,2057,994,10049,0.20469698477460443,0.4832280019445795,Prince
26000015,10000-14999,2049,952,10049,0.2039008856602647,0.4646168862859932,Baby Dragon
26000006,10000-14999,1967,991,10049,0.19574086973828242,0.5038129130655821,Balloon
26000035,10000-14999,1946,1050,10049,0.1936511095631406,0.539568345323741,Lumberjack
26000026,10000-14999,1924,975,10049,0.19146183699870634,0.5067567567567568,Princess
26000037,10000-14999,1841,904,10049,0.1832023086874316,0.49103747963063554,Inferno Dragon
27000000,10000-14999,1809,940,10049,0.18001791223007266,0.5196241017136539,Cannon
26000014,10000-14999,1800,928,10049,0.17912230072644045,0.5155555555555555,Musketeer
27000003,10000-14999,1797,926,10049,0.17882376355856305,0.5153032832498609,Inferno Tower
26000043,10000-14999,1713,780,10049,0.17046472285799583,0.4553415061295972,Elite Barbarians
28000002,10000-14999,1528,827,10049,0.15205493083888943,0.5412303664921466,Rage
26000005,10000-14999,1493,780,10049,0.1485719972136531,0.522438044206296,Minions
26000045,10000-14999,1437,709,10049,0.14299930341327496,0.4933890048712596,Executioner
26000001,10000-14999,1417,735,10049,0.1410090556274256,0.5187014820042343,Archers
26000046,10000-14999,1413,757,10049,0.14061100607025576,0.5357395612172682,Bandit
28000015,10000-14999,1368,761,10049,0.13613294855209473,0.5562865497076024,Barbarian Barrel
26000025,10000-14999,1350,651,10049,0.13434172554483034,0.4822222222222222,Guards
28000009,10000-14999,1324,757,10049,0.1317544034232262,0.5717522658610272,Poison
28000012,10000-14999,1266,652,10049,0.12598268484426312,0.5150078988941548,Tornado
26000056,10000-14999,1245,670,10049,0.1238929246691213,0.5381526104417671,Skeleton Barrel
28000003,10000-14999,1234,627,10049,0.12279828838690417,0.5081037277147488,Rocket
28000026,10000-14999,1224,626,10049,0.1218031644939795,0.511437908496732,Vines
26000032,10000-14999,1195,602,10049,0.11891730520449796,0.503765690376569,Miner
26000024,10000-14999,1177,569,10049,0.11712608219723356,0.48343245539507224,Royal Giant
26000027,10000-14999,1177,580,10049,0.11712608219723356,0.4927782497875956,Dark Prince
26000062,10000-14999,1165,571,10049,0.11593193352572395,0.4901287553648069,Magic Archer
27000010,10000-14999,1146,582,10049,0.11404119812916708,0.5078534031413613,Furnace
26000047,10000-14999,1112,540,10049,0.1106577768932232,0.4856115107913669,Royal Recruits
26000013,10000-14999,1110,541,10049,0.11045875211463828,0.4873873873873874,Bomber
26000033,10000-14999,1110,511,10049,0.11045875211463828,0.4603603603603604,Sparky
26000020,10000-14999,1084,525,10049,0.10787142999303413,0.4843173431734317,Giant Skeleton
26000058,10000-14999,1047,516,10049,0.10418947158921285,0.49283667621776506,Wall Breakers
26000051,10000-14999,1046,452,10049,0.1040899591999204,0.4321223709369025,Ram Rider
26000036,10000-14999,1038,539,10049,0.10329386008558065,0.5192678227360308,Battle Ram
26000063,10000-14999,1000,517,10049,0.09951238929246692,0.517,Electro Dragon
26000009,10000-14999,989,436,10049,0.09841775301024977,0.4408493427704752,Golem
26000023,10000-14999,976,494,10049,0.09712409194944771,0.5061475409836066,Ice Wizard
26000084,10000-14999,933,508,10049,0.09284505920987163,0.5444801714898178,Electro Spirit
28000017,10000-14999,894,462,10049,0.08896407602746542,0.5167785234899329,Giant Snowball
26000022,10000-14999,866,389,10049,0.08617772912727635,0.4491916859122402,Minion Horde
28000007,10000-14999,857,433,10049,0.08528211762364414,0.5052508751458576,Lightning
26000059,10000-14999,847,390,10049,0.08428699373071948,0.4604486422668241,Royal Hogs
28000014,10000-14999,828,439,10049,0.0823962583341626,0.5301932367149759,Earthquake
28000005,10000-14999,819,431,10049,0.0815006468305304,0.5262515262515263,Freeze
26000050,10000-14999,803,406,10049,0.07990844860185094,0.5056039850560399,Royal Ghost
28000006,10000-14999,803,411,10049,0.07990844860185094,0.5118306351183064,Mirror
26000103,10000-14999,782,357,10049,0.07781868842670912,0.45652173913043476,Boss Bandit
26000067,10000-14999,767,391,10049,0.07632600258732213,0.5097783572359843,Elixir Golem
26000008,10000-14999,748,317,10049,0.07443526719076525,0.42379679144385024,Barbarians
26000019,10000-14999,724,390,10049,0.07204696984774604,0.5386740331491713,Spear Goblins
26000034,10000-14999,709,340,10049,0.07055428400835904,0.4795486600846262,Bowler
26000031,10000-14999,685,360,10049,0.06816598666533984,0.5255474452554745,Fire Spirit
26000074,10000-14999,682,295,10049,0.06786744949746243,0.43255131964809385,Golden Knight
27000009,10000-14999,659,340,10049,0.06557866454373569,0.5159332321699545,Tombstone
26000085,10000-14999,642,285,10049,0.06388695392576375,0.4439252336448598,Electro Giant
26000057,10000-14999,641,368,10049,0.06378744153647128,0.5741029641185648,Flying Machine
26000060,10000-14999,595,295,10049,0.059209871629017814,0.4957983193277311,Goblin Giant
26000039,10000-14999,585,295,10049,0.05821474773609314,0.5042735042735043,Mega Minion
26000038,10000-14999,577,298,10049,0.05741864862175341,0.5164644714038128,Ice Golem
26000065,10000-14999,564,283,10049,0.056124987560951335,0.50177304964539,Mighty Miner
26000003,10000-14999,536,229,10049,0.053338640660762264,0.42723880597014924,Giant
26000044,10000-14999,536,248,10049,0.053338640660762264,0.4626865671641791,Hunter
27000012,10000-14999,526,272,10049,0.0523435167678376,0.5171102661596958,Goblin Cage
26000093,10000-14999,503,261,10049,0.05005473181411086,0.5188866799204771,Little Prince
28000018,10000-14999,499,250,10049,0.04965668225694099,0.501002004008016,Royal Delivery
26000069,10000-14999,498,237,10049,0.04955716986764852,0.4759036144578313,Skeleton King
26000048,10000-14999,483,225,10049,0.048064484028261516,0.4658385093167702,Night Witch
26000083,10000-14999,475,226,10049,0.04726838491392178,0.47578947368421054,Mother Witch
26000002,10000-14999,468,239,10049,0.04657179818887452,0.5106837606837606,Goblins
27000002,10000-14999,456,237,10049,0.045377649517364914,0.5197368421052632,Mortar
28000013,10000-14999,451,266,10049,0.044880087570902574,0.5898004434589801,Clone
27000001,10000-14999,438,199,10049,0.04358642651010051,0.454337899543379,Goblin Hut
26000102,10000-14999,433,215,10049,0.043088864563638175,0.49653579676674364,Berserker
26000061,10000-14999,432,228,10049,0.042989352174345706,0.5277777777777778,Fisherman
26000068,10000-14999,411,195,10049,0.0408995919992039,0.4744525547445255,Battle Healer
26000072,10000-14999,406,184,10049,0.04040203005274157,0.45320197044334976,Archer Queen
26000029,10000-14999,399,177,10049,0.039705443327694295,0.44360902255639095,Lava Hound
27000008,10000-14999,392,183,10049,0.03900885660264703,0.46683673469387754,X-Bow
27000013,10000-14999,391,184,10049,0.03890934421335456,0.47058823529411764,Goblin Drill
28000010,10000-14999,384,210,10049,0.0382127574883073,0.546875,Graveyard
27000007,10000-14999,375,214,10049,0.037317145984675094,0.5706666666666667,Elixir Collector
27000004,10000-14999,370,194,10049,0.036819584038212755,0.5243243243243243,Bomb Tower
26000080,10000-14999,341,153,10049,0.033933724748731214,0.44868035190615835,Skeleton Dragons
26000054,10000-14999,339,190,10049,0.03373469997014628,0.56047197640118,Cannon Cart
26000053,10000-14999,314,164,10049,0.03124689023783461,0.5222929936305732,Rascals
26000052,10000-14999,301,161,10049,0.02995322917703254,0.5348837209302325,Zappies
26000077,10000-14999,296,148,10049,0.029455667230570207,0.5,Monk
26000099,10000-14999,260,120,10049,0.0258732212160414,0.46153846153846156,Goblinstein
28000016,10000-14999,256,153,10049,0.025475171658871528,0.59765625,Heal Spirit
26000028,10000-14999,246,90,10049,0.02448004776594686,0.36585365853658536,Three Musketeers
28000024,10000-14999,233,102,10049,0.02318638670514479,0.43776824034334766,Goblin Curse
26000096,10000-14999,231,111,10049,0.022987361926559858,0.4805194805194805,Goblin Machine
26000087,10000-14999,210,86,10049,0.02089760175141805,0.4095238095238095,Phoenix
26000097,10000-14999,176,86,10049,0.017514180515474178,0.48863636363636365,Suspicious Bush
26000095,10000-14999,133,63,10049,0.0132351477758981,0.47368421052631576,Goblin Demolisher
28000025,10000-14999,133,59,10049,0.0132351477758981,0.44360902255639095,Spirit Empress
28000023,10000-14999,110,55,10049,0.01094636282217136,0.5,Void
27000005,10000-14999,50,18,10049,0.004975619464623346,0.36,Barbarian Hut
26000101,10000-14999,49,20,10049,0.004876107075330879,0.40816326530612246,Rune Giant
